"Path","Slice Name","Alias(s)","Label","Min","Max","Must Support?","Is Modifier?","Is Summary?","Type(s)","Short","Definition","Comments","Requirements","Default Value","Meaning When Missing","Fixed Value","Pattern","Example","Minimum Value","Maximum Value","Maximum Length","Binding Strength","Binding Description","Binding Value Set","Code","Slicing Discriminator","Slicing Description","Slicing Ordered","Slicing Rules","Base Path","Base Min","Base Max","Condition(s)","Constraint(s)","Mapping: HL7 v2 Mapping","Mapping: RIM Mapping","Mapping: FiveWs Pattern Mapping"
"MessageHeader","","","",0,*,"","","","","A resource that describes a message that is exchanged between systems","The header for a message exchange that is either requesting or responding to an action.  The reference(s) that are the subject of the action as well as other information related to the action are typically transmitted in a bundle in which the MessageHeader resource instance is the first resource in the bundle.","","","","","","","","","",,,,,"",,,,"MessageHeader",0,*,"","dom-2:If the resource is contained in another resource, it SHALL NOT contain nested Resources {contained.contained.empty()}
dom-3:If the resource is contained in another resource, it SHALL be referred to from elsewhere in the resource or SHALL refer to the containing resource {contained.where((('#'+id in (%resource.descendants().reference | %resource.descendants().as(canonical) | %resource.descendants().as(uri) | %resource.descendants().as(url))) or descendants().where(reference = '#').exists() or descendants().where(as(canonical) = '#').exists() or descendants().where(as(canonical) = '#').exists()).not()).trace('unmatched', id).empty()}dom-4:If a resource is contained in another resource, it SHALL NOT have a meta.versionId or a meta.lastUpdated {contained.meta.versionId.empty() and contained.meta.lastUpdated.empty()}dom-5:If a resource is contained in another resource, it SHALL NOT have a security label {contained.meta.security.empty()}dom-6:A resource should have narrative for robust management {text.`div`.exists()}","MSH / MSA / ERR","Entity. Role, or Act","Message"
"MessageHeader.id","","","",0,1,"","","Y","string {[]} {[]}
","Logical id of this artifact","The logical id of the resource, as used in the URL for the resource. Once assigned, this value never changes.","The only time that a resource does not have an id is when it is being submitted to the server using a create operation.","","","","","","","","",,,,,"",,,,"Resource.id",0,1,"","valid-uuid:Must be a valid uuid {$this.matches('^[0-9a-f]{8}-[0-9a-f]{4}-[0-9a-f]{4}-[0-9a-f]{4}-[0-9a-f]{12}$')}
"
"MessageHeader.meta","","","",0,1,"","","Y","Meta {[]} {[]}
","Metadata about the resource","The metadata about the resource. This is content that is maintained by the infrastructure. Changes to the content might not always be associated with version changes to the resource.","","","","","","","","","",,,,,"",,,,"Resource.meta",0,1,"","ele-1:All FHIR elements must have a @value or children {hasValue() or (children().count() > id.count())}
"
"MessageHeader.meta.id","","","",0,0,"","","","string {[]} {[]}
","Unique id for inter-element referencing","Unique id for the element within a resource (for internal references). This may be any string value that does not contain spaces.","","","","","","","","","",,,,,"",,,,"Element.id",0,1,"","","n/a"
"MessageHeader.meta.extension","","","",0,0,"","","","Extension {[]} {[]}
","Extension","An Extension","","","","","","","","","",,,,,"","value:url}
","Extensions are always sliced by (at least) url",,"open","Element.extension",0,*,"","ele-1:All FHIR elements must have a @value or children {hasValue() or (children().count() > id.count())}
ext-1:Must have either extensions or value[x], not both {extension.exists() != value.exists()}"
"MessageHeader.meta.versionId","","","",0,1,"","","Y","id {[]} {[]}
","Version specific identifier","The version specific identifier, as it appears in the version portion of the URL. This value changes when the resource is created, updated, or deleted.","The server assigns this value, and ignores what the client specifies, except in the case that the server is imposing version integrity on updates/deletes.","","","","","","","","",,,,,"",,,,"Meta.versionId",0,1,"","ele-1:All FHIR elements must have a @value or children {hasValue() or (children().count() > id.count())}
"
"MessageHeader.meta.lastUpdated","","","",0,1,"","","Y","instant {[]} {[]}
","When the resource version last changed","When the resource last changed - e.g. when the version changed.","This value is always populated except when the resource is first being created. The server / resource manager sets this value; what a client provides is irrelevant. This is equivalent to the HTTP Last-Modified and SHOULD have the same value on a [read](http://hl7.org/fhir/R4/http.html#read) interaction.","","","","","","","","",,,,,"",,,,"Meta.lastUpdated",0,1,"","ele-1:All FHIR elements must have a @value or children {hasValue() or (children().count() > id.count())}
"
"MessageHeader.meta.source","","","",0,1,"","","Y","uri {[]} {[]}
","Identifies where the resource comes from","A uri that identifies the source system of the resource. This provides a minimal amount of [Provenance](http://hl7.org/fhir/R4/provenance.html#) information that can be used to track or differentiate the source of information in the resource. The source may identify another FHIR server, document, message, database, etc.","In the provenance resource, this corresponds to Provenance.entity.what[x]. The exact use of the source (and the implied Provenance.entity.role) is left to implementer discretion. Only one nominated source is allowed; for additional provenance details, a full Provenance resource should be used. 

This element can be used to indicate where the current master source of a resource that has a canonical URL if the resource is no longer hosted at the canonical URL.","","","","","","","","",,,,,"",,,,"Meta.source",0,1,"","ele-1:All FHIR elements must have a @value or children {hasValue() or (children().count() > id.count())}
"
"MessageHeader.meta.profile","","","",0,0,"","","Y","canonical {[]} {[CanonicalType[http://hl7.org/fhir/StructureDefinition/StructureDefinition]]}
","Profiles this resource claims to conform to","A list of profiles (references to [StructureDefinition](http://hl7.org/fhir/R4/structuredefinition.html#) resources) that this resource claims to conform to. The URL is a reference to [StructureDefinition.url](http://hl7.org/fhir/R4/structuredefinition-definitions.html#StructureDefinition.url).","It is up to the server and/or other infrastructure of policy to determine whether/how these claims are verified and/or updated over time.  The list of profile URLs is a set.","","","","","","","","",,,,,"",,,,"Meta.profile",0,*,"","ele-1:All FHIR elements must have a @value or children {hasValue() or (children().count() > id.count())}
"
"MessageHeader.meta.security","","","",0,0,"","","Y","Coding {[]} {[]}
","Security Labels applied to this resource","Security labels applied to this resource. These tags connect specific resources to the overall security policy and infrastructure.","The security labels can be updated without changing the stated version of the resource. The list of security labels is a set. Uniqueness is based the system/code, and version and display are ignored.","","","","","","","","",,"extensible","Security Labels from the Healthcare Privacy and Security Classification System.","http://hl7.org/fhir/ValueSet/security-labels","",,,,"Meta.security",0,*,"","ele-1:All FHIR elements must have a @value or children {hasValue() or (children().count() > id.count())}
"
"MessageHeader.meta.tag","","","",0,0,"","","Y","Coding {[]} {[]}
","Tags applied to this resource","Tags applied to this resource. Tags are intended to be used to identify and relate resources to process and workflow, and applications are not required to consider the tags when interpreting the meaning of a resource.","The tags can be updated without changing the stated version of the resource. The list of tags is a set. Uniqueness is based the system/code, and version and display are ignored.","","","","","","","","",,"example","Codes that represent various types of tags, commonly workflow-related; e.g. ""Needs review by Dr. Jones"".","http://hl7.org/fhir/ValueSet/common-tags","",,,,"Meta.tag",0,*,"","ele-1:All FHIR elements must have a @value or children {hasValue() or (children().count() > id.count())}
"
"MessageHeader.implicitRules","","","",0,0,"","Y","Y","uri {[]} {[]}
","A set of rules under which this content was created","A reference to a set of rules that were followed when the resource was constructed, and which must be understood when processing the content. Often, this is a reference to an implementation guide that defines the special rules along with other profiles etc.","Asserting this rule set restricts the content to be only understood by a limited set of trading partners. This inherently limits the usefulness of the data in the long term. However, the existing health eco-system is highly fractured, and not yet ready to define, collect, and exchange data in a generally computable sense. Wherever possible, implementers and/or specification writers should avoid using this element. Often, when used, the URL is a reference to an implementation guide that defines these special rules as part of it's narrative along with other profiles, value sets, etc.","","","","","","","","",,,,,"",,,,"Resource.implicitRules",0,1,"","ele-1:All FHIR elements must have a @value or children {hasValue() or (children().count() > id.count())}
"
"MessageHeader.language","","","",0,0,"","","","code {[]} {[]}
","Language of the resource content","The base language in which the resource is written.","Language is provided to support indexing and accessibility (typically, services such as text to speech use the language tag). The html language tag in the narrative applies  to the narrative. The language tag on the resource may be used to specify the language of other presentations generated from the data in the resource. Not all the content has to be in the base language. The Resource.language should not be assumed to apply to the narrative automatically. If a language is specified, it should it also be specified on the div element in the html (see rules in HTML5 for information about the relationship between xml:lang and the html lang attribute).","","","","","","","","",,"preferred","A human language.","http://hl7.org/fhir/ValueSet/languages","",,,,"Resource.language",0,1,"","ele-1:All FHIR elements must have a @value or children {hasValue() or (children().count() > id.count())}
"
"MessageHeader.text","","narrative
htmlxhtmldisplay","",0,1,"","","","Narrative {[]} {[]}
","Text summary of the resource, for human interpretation","A human-readable narrative that contains a summary of the resource and can be used to represent the content of the resource to a human. The narrative need not encode all the structured data, but is required to contain sufficient detail to make it ""clinically safe"" for a human to just read the narrative. Resource definitions may define what content should be represented in the narrative to ensure clinical safety.","Contained resources do not have narrative. Resources that are not contained SHOULD have a narrative. In some cases, a resource may only have text with little or no additional discrete data (as long as all minOccurs=1 elements are satisfied).  This may be necessary for data from legacy systems where information is captured as a ""text blob"" or where text is additionally entered raw or narrated and encoded information is added later.","","","","","","","","",,,,,"",,,,"DomainResource.text",0,1,"","ele-1:All FHIR elements must have a @value or children {hasValue() or (children().count() > id.count())}
","Act.text?"
"MessageHeader.text.id","","","",0,0,"","","","string {[]} {[]}
","Unique id for inter-element referencing","Unique id for the element within a resource (for internal references). This may be any string value that does not contain spaces.","","","","","","","","","",,,,,"",,,,"Element.id",0,1,"","","n/a"
"MessageHeader.text.extension","","","",0,0,"","","","Extension {[]} {[]}
","Extension","An Extension","","","","","","","","","",,,,,"","value:url}
","Extensions are always sliced by (at least) url",,"open","Element.extension",0,*,"","ele-1:All FHIR elements must have a @value or children {hasValue() or (children().count() > id.count())}
ext-1:Must have either extensions or value[x], not both {extension.exists() != value.exists()}"
"MessageHeader.text.status","","","",1,1,"","","","code {[]} {[]}
","generated | extensions | additional | empty","The status of the narrative - whether it's entirely generated (from just the defined data or the extensions too), or whether a human authored it and it may contain additional data.","","","","","","","","","",,"required","The status of a resource narrative.","http://hl7.org/fhir/ValueSet/narrative-status|4.0.1","",,,,"Narrative.status",1,1,"","ele-1:All FHIR elements must have a @value or children {hasValue() or (children().count() > id.count())}
","N/A"
"MessageHeader.text.div","","","",1,1,"","","","xhtml {[]} {[]}
","Limited xhtml content","The actual narrative content, a stripped down version of XHTML.","The contents of the html element are an XHTML fragment containing only the basic html formatting elements described in chapters 7-11 and 15 of the HTML 4.0 standard, <a> elements (either name or href), images and internally contained stylesheets. The XHTML content SHALL NOT contain a head, a body, external stylesheet references, scripts, forms, base/link/xlink, frames, iframes and objects.","","","","","","","","",,,,,"",,,,"Narrative.div",1,1,"","ele-1:All FHIR elements must have a @value or children {hasValue() or (children().count() > id.count())}
txt-1:The narrative SHALL contain only the basic html formatting elements and attributes described in chapters 7-11 (except section 4 of chapter 9) and 15 of the HTML 4.0 standard, <a> elements (either name or href), images and internally contained style attributes {htmlChecks()}txt-2:The narrative SHALL have some non-whitespace content {htmlChecks()}","N/A"
"MessageHeader.contained","","inline resources
anonymous resourcescontained resources","",0,0,"","","","Resource {[]} {[]}
","Contained, inline Resources","These resources do not have an independent existence apart from the resource that contains them - they cannot be identified independently, and nor can they have their own independent transaction scope.","This should never be done when the content can be identified properly, as once identification is lost, it is extremely difficult (and context dependent) to restore it again. Contained resources may have profiles and tags In their meta elements, but SHALL NOT have security labels.","","","","","","","","",,,,,"",,,,"DomainResource.contained",0,*,"","","N/A"
"MessageHeader.extension","","","",0,0,"","","","Extension {[]} {[]}
","Extension","An Extension","","","","","","","","","",,,,,"",,,,"DomainResource.extension",0,*,"","ele-1:All FHIR elements must have a @value or children {hasValue() or (children().count() > id.count())}
ext-1:Must have either extensions or value[x], not both {extension.exists() != value.exists()}"
"MessageHeader.modifierExtension","","","",0,0,"","Y","","Extension {[]} {[]}
","Extension","An Extension","","","","","","","","","",,,,,"",,,,"DomainResource.modifierExtension",0,*,"","ele-1:All FHIR elements must have a @value or children {hasValue() or (children().count() > id.count())}
ext-1:Must have either extensions or value[x], not both {extension.exists() != value.exists()}"
"MessageHeader.event[x]","","","",1,1,"","","Y","Coding {[]} {[]}
","Code for the event this message represents or link to event definition","Code that identifies the event this message represents and connects it with its definition. Events defined as part of the FHIR specification have the system value ""http://terminology.hl7.org/CodeSystem/message-events"".  Alternatively uri to the EventDefinition.","The time of the event will be found in the focus resource. The time of the message will be found in [Bundle.timestamp](http://hl7.org/fhir/R4/bundle-definitions.html#Bundle.timestamp).","Drives the behavior associated with this message.","","","","","","","",,"example","One of the message events defined as part of this version of FHIR.","http://hl7.org/fhir/ValueSet/message-events","",,,,"MessageHeader.event[x]",1,1,"","ele-1:All FHIR elements must have a @value or children {hasValue() or (children().count() > id.count())}
","MSH-9.2","./payload[classCode=""CACT"" and moodCode=""EVN"" and isNormalAct()]/code[isNormalDatatype()]/code","FiveWs.what[x]"
"MessageHeader.event[x].id","","","",0,0,"","","","string {[]} {[]}
","Unique id for inter-element referencing","Unique id for the element within a resource (for internal references). This may be any string value that does not contain spaces.","","","","","","","","","",,,,,"",,,,"Element.id",0,1,"","","n/a"
"MessageHeader.event[x].extension","","","",0,0,"","","","Extension {[]} {[]}
","Extension","An Extension","","","","","","","","","",,,,,"","value:url}
","Extensions are always sliced by (at least) url",,"open","Element.extension",0,*,"","ele-1:All FHIR elements must have a @value or children {hasValue() or (children().count() > id.count())}
ext-1:Must have either extensions or value[x], not both {extension.exists() != value.exists()}"
"MessageHeader.event[x].system","","","",1,1,"","","Y","uri {[]} {[]}
","Identity of the terminology system","The identification of the code system that defines the meaning of the symbol in the code.","The URI may be an OID (urn:oid:...) or a UUID (urn:uuid:...).  OIDs and UUIDs SHALL be references to the HL7 OID registry. Otherwise, the URI should come from HL7's list of FHIR defined special URIs or it should reference to some definition that establishes the system clearly and unambiguously.","Need to be unambiguous about the source of the definition of the symbol.","","","","","","","",,,,,"",,,,"Coding.system",0,1,"","ele-1:All FHIR elements must have a @value or children {hasValue() or (children().count() > id.count())}
","C*E.3","./codeSystem"
"MessageHeader.event[x].version","","","",0,0,"","","Y","string {[]} {[]}
","Version of the system - if relevant","The version of the code system which was used when choosing this code. Note that a well-maintained code system does not need the version reported, because the meaning of codes is consistent across versions. However this cannot consistently be assured, and when the meaning is not guaranteed to be consistent, the version SHOULD be exchanged.","Where the terminology does not clearly define what string should be used to identify code system versions, the recommendation is to use the date (expressed in FHIR date format) on which that version was officially published as the version date.","","","","","","","","",,,,,"",,,,"Coding.version",0,1,"","ele-1:All FHIR elements must have a @value or children {hasValue() or (children().count() > id.count())}
","C*E.7","./codeSystemVersion"
"MessageHeader.event[x].code","","","",1,1,"","","Y","code {[]} {[]}
","Symbol in syntax defined by the system","A symbol in syntax defined by the system. The symbol may be a predefined code or an expression in a syntax defined by the coding system (e.g. post-coordination).","","Need to refer to a particular code in the system.","","","","","","","",,,,,"",,,,"Coding.code",0,1,"","ele-1:All FHIR elements must have a @value or children {hasValue() or (children().count() > id.count())}
","C*E.1","./code"
"MessageHeader.event[x].display","","","",0,0,"","","Y","string {[]} {[]}
","Representation defined by the system","A representation of the meaning of the code in the system, following the rules of the system.","","Need to be able to carry a human-readable meaning of the code for readers that do not know  the system.","","","","","","","",,,,,"",,,,"Coding.display",0,1,"","ele-1:All FHIR elements must have a @value or children {hasValue() or (children().count() > id.count())}
","C*E.2 - but note this is not well followed","CV.displayName"
"MessageHeader.event[x].userSelected","","","",0,0,"","","Y","boolean {[]} {[]}
","If this coding was chosen directly by the user","Indicates that this coding was chosen by a user directly - e.g. off a pick list of available items (codes or displays).","Amongst a set of alternatives, a directly chosen code is the most appropriate starting point for new translations. There is some ambiguity about what exactly 'directly chosen' implies, and trading partner agreement may be needed to clarify the use of this element and its consequences more completely.","This has been identified as a clinical safety criterium - that this exact system/code pair was chosen explicitly, rather than inferred by the system based on some rules or language processing.","","","","","","","",,,,,"",,,,"Coding.userSelected",0,1,"","ele-1:All FHIR elements must have a @value or children {hasValue() or (children().count() > id.count())}
","Sometimes implied by being first","CD.codingRationale"
"MessageHeader.destination","","","",0,*,"","","Y","BackboneElement {[]} {[]}
","Message destination application(s)","The destination application which the message is intended for.","There SHOULD be at least one destination, but in some circumstances, the source system is unaware of any particular destination system.","Indicates where message is to be sent for routing purposes.  Allows verification of ""am I the intended recipient"".","","","","","","","",,,,,"",,,,"MessageHeader.destination",0,*,"","ele-1:All FHIR elements must have a @value or children {hasValue() or (children().count() > id.count())}
","./communicationFunction[typeCode=""RCV""]","FiveWs.subject[x]","FiveWs.subject"
"MessageHeader.destination.id","","","",0,0,"","","","string {[]} {[]}
","Unique id for inter-element referencing","Unique id for the element within a resource (for internal references). This may be any string value that does not contain spaces.","","","","","","","","","",,,,,"",,,,"Element.id",0,1,"","","n/a"
"MessageHeader.destination.extension","","","",0,0,"","","","Extension {[]} {[]}
","Extension","An Extension","","","","","","","","","",,,,,"",,,,"Element.extension",0,*,"","ele-1:All FHIR elements must have a @value or children {hasValue() or (children().count() > id.count())}
ext-1:Must have either extensions or value[x], not both {extension.exists() != value.exists()}"
"MessageHeader.destination.modifierExtension","","","",0,0,"","Y","Y","Extension {[]} {[]}
","Extension","An Extension","","","","","","","","","",,,,,"",,,,"BackboneElement.modifierExtension",0,*,"","ele-1:All FHIR elements must have a @value or children {hasValue() or (children().count() > id.count())}
ext-1:Must have either extensions or value[x], not both {extension.exists() != value.exists()}"
"MessageHeader.destination.name","","","",0,0,"","","Y","string {[]} {[]}
","Name of system","Human-readable name for the target system.","","May be used for routing of response and/or to support audit.","","","","","","","",,,,,"",,,,"MessageHeader.destination.name",0,1,"","ele-1:All FHIR elements must have a @value or children {hasValue() or (children().count() > id.count())}
","MSH-5","unique(./entity[determinerCode=""INST"" and (classCode=(""DEV"", ""PSN"", ""ORG""]/name[type='ST' and isNormalDatatype()])"
"MessageHeader.destination.target","","","",0,0,"","","Y","Reference {[]} {[CanonicalType[http://hl7.org/fhir/StructureDefinition/Device]]}
","Particular delivery destination within the destination","Identifies the target end system in situations where the initial message transmission is to an intermediary system.","","Supports multi-hop routing.","","","","","","","",,,,,"",,,,"MessageHeader.destination.target",0,1,"","ele-1:All FHIR elements must have a @value or children {hasValue() or (children().count() > id.count())}
","unique(./entity[determinerCode=""INST"" and (classCode=(""DEV"", ""PSN"", ""ORG""]"
"MessageHeader.destination.endpoint","","","",1,1,"","","Y","url {[]} {[]}
","Actual destination address or id","Indicates where the message should be routed to.","The id may be a non-resolvable URI for systems that do not use standard network-based addresses.","Identifies where to route the message.","","","","","","","",,,,,"",,,,"MessageHeader.destination.endpoint",1,1,"","ele-1:All FHIR elements must have a @value or children {hasValue() or (children().count() > id.count())}
valid-her-id:Must be a valid HER-ID prefixed with OID namespace: urn:oid:2.16.578.1.12.4.1.2.{id} {$this.matches('^urn:oid:2\.16\.578\.1\.12\.4\.1\.2\.[1-9][0-9]{0,7}$')}","MSH-25 (or MSH-6)","./telecom"
"MessageHeader.destination.receiver","","","",0,0,"","","Y","Reference {[]} {[CanonicalType[http://hl7.org/fhir/StructureDefinition/Practitioner], CanonicalType[http://hl7.org/fhir/StructureDefinition/PractitionerRole], CanonicalType[http://hl7.org/fhir/StructureDefinition/Organization]]}
","Intended ""real-world"" recipient for the data","Allows data conveyed by a message to be addressed to a particular person or department when routing to a specific application isn't sufficient.","","Allows routing beyond just the application level.","","","","","","","",,,,,"",,,,"MessageHeader.destination.receiver",0,1,"","ele-1:All FHIR elements must have a @value or children {hasValue() or (children().count() > id.count())}
","PRT-5:PRT-4='WAYR' / PRT-8:PRT-4='WAYR'","Not directly supported.  Could be shared using attentionLine.value with an appropriate keyWordText","FiveWs.subject[x]","FiveWs.subject"
"MessageHeader.sender","","","",0,0,"","","Y","Reference {[]} {[CanonicalType[http://hl7.org/fhir/StructureDefinition/Practitioner], CanonicalType[http://hl7.org/fhir/StructureDefinition/PractitionerRole], CanonicalType[http://hl7.org/fhir/StructureDefinition/Organization]]}
","Real world sender of the message","Identifies the sending system to allow the use of a trust relationship.","Use case is for where a (trusted) sending system is responsible for multiple organizations, and therefore cannot differentiate based on source endpoint / authentication alone.","Allows routing beyond just the application level.","","","","","","","",,,,,"",,,,"MessageHeader.sender",0,1,"","ele-1:All FHIR elements must have a @value or children {hasValue() or (children().count() > id.count())}
","PRT-5:PRT-4='WAYR' / PRT-8:PRT-4='WAYR'","Not directly supported.  Could be shared using attentionLine.value with an appropriate keyWordText","FiveWs.subject[x]","FiveWs.subject"
"MessageHeader.enterer","","","",0,0,"","","Y","Reference {[]} {[CanonicalType[http://hl7.org/fhir/StructureDefinition/Practitioner], CanonicalType[http://hl7.org/fhir/StructureDefinition/PractitionerRole]]}
","The source of the data entry","The person or device that performed the data entry leading to this message. When there is more than one candidate, pick the most proximal to the message. Can provide other enterers in extensions.","Usually only for the request but can be used in a response.","Need to know for audit/traceback requirements and possibly for authorization.","","","","","","","",,,,,"",,,,"MessageHeader.enterer",0,1,"","ele-1:All FHIR elements must have a @value or children {hasValue() or (children().count() > id.count())}
","EVN-5 / ORC-10 / PRT-5:PRT-4='EP' / ROL where ROL.3 is EP or ORC.10","unique(./controlAct[classCode=""CACT"" and classCode=""EVN"" and isNormalAct()]/participation[typeCode=""ENT"" and isNormalParticipation]/role[classCode=""ASSIGNED"" and isNormalRole()]/player[isNormalEntity() and classCode=(""DEV"", ""PSN"") and determinerCode=""INST""])","FiveWs.author"
"MessageHeader.author","","","",0,0,"","","Y","Reference {[]} {[CanonicalType[http://hl7.org/fhir/StructureDefinition/Practitioner], CanonicalType[http://hl7.org/fhir/StructureDefinition/PractitionerRole]]}
","The source of the decision","The logical author of the message - the person or device that decided the described event should happen. When there is more than one candidate, pick the most proximal to the MessageHeader. Can provide other authors in extensions.","Usually only for the request but can be used in a response.","Need to know for audit/traceback requirements and possibly for authorization.","","","","","","","",,,,,"",,,,"MessageHeader.author",0,1,"","ele-1:All FHIR elements must have a @value or children {hasValue() or (children().count() > id.count())}
","ORC-19 / PRT-5:PRT-4='AUT' / ROL where ROL.3 is IP or ORC.12","unique(./controlAct[classCode=""CACT"" and classCode=""EVN"" and isNormalAct()]/participation[isHighest(priorityCode) and typeCode=""AUT"" and isNormalParticipation]/role[classCode=""ASSIGNED"" and isNormalRole()]/player[isNormalEntity() and classCode=(""DEV"", ""PSN"") and determinerCode=""INST""])","FiveWs.author"
"MessageHeader.source","","","",1,1,"","","Y","BackboneElement {[]} {[]}
","Message source application","The source application from which this message originated.","","Allows replies, supports audit.","","","","","","","",,,,,"",,,,"MessageHeader.source",1,1,"","ele-1:All FHIR elements must have a @value or children {hasValue() or (children().count() > id.count())}
","unique(./communicationFunction[typeCode=""SND""])","FiveWs.actor"
"MessageHeader.source.id","","","",0,0,"","","","string {[]} {[]}
","Unique id for inter-element referencing","Unique id for the element within a resource (for internal references). This may be any string value that does not contain spaces.","","","","","","","","","",,,,,"",,,,"Element.id",0,1,"","","n/a"
"MessageHeader.source.extension","","","",0,0,"","","","Extension {[]} {[]}
","Extension","An Extension","","","","","","","","","",,,,,"",,,,"Element.extension",0,*,"","ele-1:All FHIR elements must have a @value or children {hasValue() or (children().count() > id.count())}
ext-1:Must have either extensions or value[x], not both {extension.exists() != value.exists()}"
"MessageHeader.source.modifierExtension","","","",0,0,"","Y","Y","Extension {[]} {[]}
","Extension","An Extension","","","","","","","","","",,,,,"",,,,"BackboneElement.modifierExtension",0,*,"","ele-1:All FHIR elements must have a @value or children {hasValue() or (children().count() > id.count())}
ext-1:Must have either extensions or value[x], not both {extension.exists() != value.exists()}"
"MessageHeader.source.name","","","",0,0,"","","Y","string {[]} {[]}
","Name of system","Human-readable name for the source system.","","May be used to support audit.","","","","","","","",,,,,"",,,,"MessageHeader.source.name",0,1,"","ele-1:All FHIR elements must have a @value or children {hasValue() or (children().count() > id.count())}
","MSH-3","unique(./entity[determinerCode=""INST"" and classCode=""DEV""]/name[type='ST' and isNormalDatatype()])"
"MessageHeader.source.software","","","",0,0,"","","Y","string {[]} {[]}
","Name of software running the system","May include configuration or other information useful in debugging.","","Supports audit and possibly interface engine behavior.","","","","","","","",,,,,"",,,,"MessageHeader.source.software",0,1,"","ele-1:All FHIR elements must have a @value or children {hasValue() or (children().count() > id.count())}
","SFT-3 ( +SFT-1)","unique(./entity[determinerCode=""INST"" and classCode=""DEV""]/softwareName[isNormalDatatype()])"
"MessageHeader.source.version","","","",0,0,"","","Y","string {[]} {[]}
","Version of software running","Can convey versions of multiple systems in situations where a message passes through multiple hands.","","Supports audit and possibly interface engine behavior.","","","","","","","",,,,,"",,,,"MessageHeader.source.version",0,1,"","ele-1:All FHIR elements must have a @value or children {hasValue() or (children().count() > id.count())}
","SFT-2","(Not supported)"
"MessageHeader.source.contact","","","",0,0,"","","Y","ContactPoint {[]} {[]}
","Human contact for problems","An e-mail, phone, website or other contact point to use to resolve issues with message communications.","","Allows escalation of technical issues.","","","","","","","",,,,,"",,,,"MessageHeader.source.contact",0,1,"","ele-1:All FHIR elements must have a @value or children {hasValue() or (children().count() > id.count())}
","(MSH-22?)","unique(./entity[determinerCode=""INST"" and classCode=""DEV""]/scopesRole[normalRole() and classCode=""CON"" and layer[classCode=""PSN""]/telecom[isNormalDatatype()])"
"MessageHeader.source.endpoint","","","",1,1,"","","Y","url {[]} {[]}
","Actual message source address or id","Identifies the routing target to send acknowledgements to.","The id may be a non-resolvable URI for systems that do not use standard network-based addresses.","Identifies where to send responses, may influence security permissions.","","","","","","","",,,,,"",,,,"MessageHeader.source.endpoint",1,1,"","ele-1:All FHIR elements must have a @value or children {hasValue() or (children().count() > id.count())}
","MSH-24","./telecom[isNormalDatatype()]"
"MessageHeader.responsible","","","",0,0,"","","Y","Reference {[]} {[CanonicalType[http://hl7.org/fhir/StructureDefinition/Practitioner], CanonicalType[http://hl7.org/fhir/StructureDefinition/PractitionerRole], CanonicalType[http://hl7.org/fhir/StructureDefinition/Organization]]}
","Final responsibility for event","The person or organization that accepts overall responsibility for the contents of the message. The implication is that the message event happened under the policies of the responsible party.","Usually only for the request but can be used in a response.","Need to know for audit/traceback requirements and possibly for authorization.","","","","","","","",,,,,"",,,,"MessageHeader.responsible",0,1,"","ele-1:All FHIR elements must have a @value or children {hasValue() or (children().count() > id.count())}
","ORC-12 /  PRT-5:PRT-4='OP' /  PRT-8:PRT-4='OP' / ROL where ROL.3 is RO or ORC.11","unique(./controlAct[classCode=""CACT"" and classCode=""EVN"" and isNormalAct()]/participation[isHighest(priorityCode) and typeCode=""RESP"" and isNormalParticipation]/role[classCode=""ASSIGNED"" and isNormalRole()]/player[isNormalEntity() and classCode=""PSN"" and determinerCode=""INST""] or ./controlAct[classCode=""CACT"" and classCode=""EVN"" and isNormalAct()]/participation[isHighest(priorityCode) and typeCode=""RESP"" and isNormalParticipation]/role[classCode=""ASSIGNED"" and isNormalRole()]/scoper[isNormalEntity() and classCode=""ORG"" and determinerCode=""INST""])","FiveWs.witness"
"MessageHeader.reason","","","",0,0,"","","Y","CodeableConcept {[]} {[]}
","Cause of event","Coded indication of the cause for the event - indicates  a reason for the occurrence of the event that is a focus of this message.","","Need to be able to track why resources are being changed and report in the audit log/history of the resource.  May affect authorization.","","","","","","","",,"example","Reason for event occurrence.","http://hl7.org/fhir/ValueSet/message-reason-encounter","",,,,"MessageHeader.reason",0,1,"","ele-1:All FHIR elements must have a @value or children {hasValue() or (children().count() > id.count())}
","EVN.4 / ORC.16 / OBR-31-reason for study / BPO-13-BP indication for use / RXO-20-indication / RXE-27-give indication / RXD-21-indication / RXG-22-indication / RXA-19-indication","unique(./controlAct[classCode=""CACT"" and classCode=""EVN"" and isNormalAct()]/reasonCode[isNormalDatatype()])","FiveWs.why[x]"
"MessageHeader.response","","","",0,1,"","","Y","BackboneElement {[]} {[]}
","If this is a reply to prior message","Information about the message that this message is a response to.  Only present if this message is a response.","","","","","","","","","",,,,,"",,,,"MessageHeader.response",0,1,"","ele-1:All FHIR elements must have a @value or children {hasValue() or (children().count() > id.count())}
","MSA","./conveyedAcknowledgement"
"MessageHeader.response.id","","","",0,0,"","","","string {[]} {[]}
","Unique id for inter-element referencing","Unique id for the element within a resource (for internal references). This may be any string value that does not contain spaces.","","","","","","","","","",,,,,"",,,,"Element.id",0,1,"","","n/a"
"MessageHeader.response.extension","","","",0,0,"","","","Extension {[]} {[]}
","Extension","An Extension","","","","","","","","","",,,,,"",,,,"Element.extension",0,*,"","ele-1:All FHIR elements must have a @value or children {hasValue() or (children().count() > id.count())}
ext-1:Must have either extensions or value[x], not both {extension.exists() != value.exists()}"
"MessageHeader.response.modifierExtension","","","",0,0,"","Y","Y","Extension {[]} {[]}
","Extension","An Extension","","","","","","","","","",,,,,"",,,,"BackboneElement.modifierExtension",0,*,"","ele-1:All FHIR elements must have a @value or children {hasValue() or (children().count() > id.count())}
ext-1:Must have either extensions or value[x], not both {extension.exists() != value.exists()}"
"MessageHeader.response.identifier","","","",1,1,"","","Y","id {[]} {[]}
","Id of original message","The MessageHeader.id of the message to which this message is a response.","","Allows receiver to know what message is being responded to.","","","","","","","",,,,,"",,,,"MessageHeader.response.identifier",1,1,"","ele-1:All FHIR elements must have a @value or children {hasValue() or (children().count() > id.count())}
","MSA-2","./acknowledges.id[isNormalDatatype()]"
"MessageHeader.response.code","","","",1,1,"","","Y","code {[]} {[]}
","ok | transient-error | fatal-error","Code that identifies the type of response to the message - whether it was successful or not, and whether it should be resent or not.","This is a generic response to the request message. Specific data for the response will be found in MessageHeader.focus.","Allows the sender of the acknowledge message to know if the request was successful or if action is needed.","","","","","","","",,"required","The kind of response to a message.","http://hl7.org/fhir/ValueSet/response-code|4.0.1","",,,,"MessageHeader.response.code",1,1,"","ele-1:All FHIR elements must have a @value or children {hasValue() or (children().count() > id.count())}
","MSA-1","./typeCode[isNormalDatatype()]"
"MessageHeader.response.details","","","",0,1,"","","Y","Reference {[]} {[CanonicalType[http://hl7.org/fhir/StructureDefinition/OperationOutcome]]}
","Specific list of hints/warnings/errors","Full details of any issues found in the message.","This SHALL be contained in the bundle. If any of the issues are errors, the response code SHALL be an error.","Allows the sender of the message to determine what the specific issues are.","","","","","","","",,,,,"",,,,"MessageHeader.response.details",0,1,"","ele-1:All FHIR elements must have a @value or children {hasValue() or (children().count() > id.count())}
","ERR","AcknowledgementDetail or Observation[classCode=""ALRT"" and moodCode=""EVN""]"
"MessageHeader.response.details.id","","","",0,0,"","","","string {[]} {[]}
","Unique id for inter-element referencing","Unique id for the element within a resource (for internal references). This may be any string value that does not contain spaces.","","","","","","","","","",,,,,"",,,,"Element.id",0,1,"","","n/a"
"MessageHeader.response.details.extension","","","",0,0,"","","","Extension {[]} {[]}
","Extension","An Extension","","","","","","","","","",,,,,"","value:url}
","Extensions are always sliced by (at least) url",,"open","Element.extension",0,*,"","ele-1:All FHIR elements must have a @value or children {hasValue() or (children().count() > id.count())}
ext-1:Must have either extensions or value[x], not both {extension.exists() != value.exists()}"
"MessageHeader.response.details.reference","","","",1,1,"","","Y","string {[]} {[]}
","Literal reference, Relative, internal or absolute URL","A reference to a location at which the other resource is found. The reference may be a relative reference, in which case it is relative to the service base URL, or an absolute URL that resolves to the location where the resource is found. The reference may be version specific or not. If the reference is not to a FHIR RESTful server, then it should be assumed to be version specific. Internal fragment references (start with '#') refer to contained resources.","Using absolute URLs provides a stable scalable approach suitable for a cloud/web context, while using relative/logical references provides a flexible approach suitable for use when trading across closed eco-system boundaries.   Absolute URLs do not need to point to a FHIR RESTful server, though this is the preferred approach. If the URL conforms to the structure ""/[type]/[id]"" then it should be assumed that the reference is to a FHIR RESTful server.","","","","","","","","",,,,,"",,,,"Reference.reference",0,1,"ref-1
","ele-1:All FHIR elements must have a @value or children {hasValue() or (children().count() > id.count())}
","N/A"
"MessageHeader.response.details.type","","","",0,0,"","","Y","uri {[]} {[]}
","Type the reference refers to (e.g. ""Patient"")","The expected type of the target of the reference. If both Reference.type and Reference.reference are populated and Reference.reference is a FHIR URL, both SHALL be consistent.

The type is the Canonical URL of Resource Definition that is the type this reference refers to. References are URLs that are relative to http://hl7.org/fhir/StructureDefinition/ e.g. ""Patient"" is a reference to http://hl7.org/fhir/StructureDefinition/Patient. Absolute URLs are only allowed for logical models (and can only be used in references in logical models, not resources).","This element is used to indicate the type of  the target of the reference. This may be used which ever of the other elements are populated (or not). In some cases, the type of the target may be determined by inspection of the reference (e.g. a RESTful URL) or by resolving the target of the reference; if both the type and a reference is provided, the reference SHALL resolve to a resource of the same type as that specified.","","","","","","","","",,"extensible","Aa resource (or, for logical models, the URI of the logical model).","http://hl7.org/fhir/ValueSet/resource-types","",,,,"Reference.type",0,1,"","ele-1:All FHIR elements must have a @value or children {hasValue() or (children().count() > id.count())}
","N/A"
"MessageHeader.response.details.identifier","","","",0,0,"","","Y","Identifier {[]} {[]}
","Logical reference, when literal reference is not known","An identifier for the target resource. This is used when there is no way to reference the other resource directly, either because the entity it represents is not available through a FHIR server, or because there is no way for the author of the resource to convert a known identifier to an actual location. There is no requirement that a Reference.identifier point to something that is actually exposed as a FHIR instance, but it SHALL point to a business concept that would be expected to be exposed as a FHIR instance, and that instance would need to be of a FHIR resource type allowed by the reference.","When an identifier is provided in place of a reference, any system processing the reference will only be able to resolve the identifier to a reference if it understands the business context in which the identifier is used. Sometimes this is global (e.g. a national identifier) but often it is not. For this reason, none of the useful mechanisms described for working with references (e.g. chaining, includes) are possible, nor should servers be expected to be able resolve the reference. Servers may accept an identifier based reference untouched, resolve it, and/or reject it - see CapabilityStatement.rest.resource.referencePolicy. 

When both an identifier and a literal reference are provided, the literal reference is preferred. Applications processing the resource are allowed - but not required - to check that the identifier matches the literal reference

Applications converting a logical reference to a literal reference may choose to leave the logical reference present, or remove it.

Reference is intended to point to a structure that can potentially be expressed as a FHIR resource, though there is no need for it to exist as an actual FHIR resource instance - except in as much as an application wishes to actual find the target of the reference. The content referred to be the identifier must meet the logical constraints implied by any limitations on what resource types are permitted for the reference.  For example, it would not be legitimate to send the identifier for a drug prescription if the type were Reference(Observation|DiagnosticReport).  One of the use-cases for Reference.identifier is the situation where no FHIR representation exists (where the type is Reference (Any).","","","","","","","","",,,,,"",,,,"Reference.identifier",0,1,"","ele-1:All FHIR elements must have a @value or children {hasValue() or (children().count() > id.count())}
",".identifier"
"MessageHeader.response.details.display","","","",0,0,"","","Y","string {[]} {[]}
","Text alternative for the resource","Plain text narrative that identifies the resource in addition to the resource reference.","This is generally not the same as the Resource.text of the referenced resource.  The purpose is to identify what's being referenced, not to fully describe it.","","","","","","","","",,,,,"",,,,"Reference.display",0,1,"","ele-1:All FHIR elements must have a @value or children {hasValue() or (children().count() > id.count())}
","N/A"
"MessageHeader.focus","","","",0,*,"","","Y","Reference {[]} {[CanonicalType[http://hl7.org/fhir/StructureDefinition/Resource]]}
","The actual content of the message","The actual data of the message - a reference to the root/focus class of the event.","The data is defined where the transaction type is defined. The transaction data is always included in the bundle that is the full message.  Only the root resource is specified.  The resources it references should be contained in the bundle but are not also listed here.  Multiple repetitions are allowed to cater for merges and other situations with multiple focal targets.","Every message event is about actual data, a single resource, that is identified in the definition of the event, and perhaps some or all linked resources.","","","","","","","",,,,,"",,,,"MessageHeader.focus",0,*,"","ele-1:All FHIR elements must have a @value or children {hasValue() or (children().count() > id.count())}
","unique(./controlAct[classCode=""CACT"" and classCode=""EVN"" and isNormalAct()]/participation[typeCode=""SUBJ"" and isNormalParticipation]/role or ./controlAct[classCode=""CACT"" and classCode=""EVN"" and isNormalAct()]/outboundRelationship[typeCode=""SBJ"" and isNormalActRelatoinship]/target)"
"MessageHeader.focus.id","","","",0,0,"","","","string {[]} {[]}
","Unique id for inter-element referencing","Unique id for the element within a resource (for internal references). This may be any string value that does not contain spaces.","","","","","","","","","",,,,,"",,,,"Element.id",0,1,"","","n/a"
"MessageHeader.focus.extension","","","",0,0,"","","","Extension {[]} {[]}
","Extension","An Extension","","","","","","","","","",,,,,"","value:url}
","Extensions are always sliced by (at least) url",,"open","Element.extension",0,*,"","ele-1:All FHIR elements must have a @value or children {hasValue() or (children().count() > id.count())}
ext-1:Must have either extensions or value[x], not both {extension.exists() != value.exists()}"
"MessageHeader.focus.reference","","","",1,1,"","","Y","string {[]} {[]}
","Literal reference, Relative, internal or absolute URL","A reference to a location at which the other resource is found. The reference may be a relative reference, in which case it is relative to the service base URL, or an absolute URL that resolves to the location where the resource is found. The reference may be version specific or not. If the reference is not to a FHIR RESTful server, then it should be assumed to be version specific. Internal fragment references (start with '#') refer to contained resources.","Using absolute URLs provides a stable scalable approach suitable for a cloud/web context, while using relative/logical references provides a flexible approach suitable for use when trading across closed eco-system boundaries.   Absolute URLs do not need to point to a FHIR RESTful server, though this is the preferred approach. If the URL conforms to the structure ""/[type]/[id]"" then it should be assumed that the reference is to a FHIR RESTful server.","","","","","","","","",,,,,"",,,,"Reference.reference",0,1,"ref-1
","ele-1:All FHIR elements must have a @value or children {hasValue() or (children().count() > id.count())}
","N/A"
"MessageHeader.focus.type","","","",0,0,"","","Y","uri {[]} {[]}
","Type the reference refers to (e.g. ""Patient"")","The expected type of the target of the reference. If both Reference.type and Reference.reference are populated and Reference.reference is a FHIR URL, both SHALL be consistent.

The type is the Canonical URL of Resource Definition that is the type this reference refers to. References are URLs that are relative to http://hl7.org/fhir/StructureDefinition/ e.g. ""Patient"" is a reference to http://hl7.org/fhir/StructureDefinition/Patient. Absolute URLs are only allowed for logical models (and can only be used in references in logical models, not resources).","This element is used to indicate the type of  the target of the reference. This may be used which ever of the other elements are populated (or not). In some cases, the type of the target may be determined by inspection of the reference (e.g. a RESTful URL) or by resolving the target of the reference; if both the type and a reference is provided, the reference SHALL resolve to a resource of the same type as that specified.","","","","","","","","",,"extensible","Aa resource (or, for logical models, the URI of the logical model).","http://hl7.org/fhir/ValueSet/resource-types","",,,,"Reference.type",0,1,"","ele-1:All FHIR elements must have a @value or children {hasValue() or (children().count() > id.count())}
","N/A"
"MessageHeader.focus.identifier","","","",0,0,"","","Y","Identifier {[]} {[]}
","Logical reference, when literal reference is not known","An identifier for the target resource. This is used when there is no way to reference the other resource directly, either because the entity it represents is not available through a FHIR server, or because there is no way for the author of the resource to convert a known identifier to an actual location. There is no requirement that a Reference.identifier point to something that is actually exposed as a FHIR instance, but it SHALL point to a business concept that would be expected to be exposed as a FHIR instance, and that instance would need to be of a FHIR resource type allowed by the reference.","When an identifier is provided in place of a reference, any system processing the reference will only be able to resolve the identifier to a reference if it understands the business context in which the identifier is used. Sometimes this is global (e.g. a national identifier) but often it is not. For this reason, none of the useful mechanisms described for working with references (e.g. chaining, includes) are possible, nor should servers be expected to be able resolve the reference. Servers may accept an identifier based reference untouched, resolve it, and/or reject it - see CapabilityStatement.rest.resource.referencePolicy. 

When both an identifier and a literal reference are provided, the literal reference is preferred. Applications processing the resource are allowed - but not required - to check that the identifier matches the literal reference

Applications converting a logical reference to a literal reference may choose to leave the logical reference present, or remove it.

Reference is intended to point to a structure that can potentially be expressed as a FHIR resource, though there is no need for it to exist as an actual FHIR resource instance - except in as much as an application wishes to actual find the target of the reference. The content referred to be the identifier must meet the logical constraints implied by any limitations on what resource types are permitted for the reference.  For example, it would not be legitimate to send the identifier for a drug prescription if the type were Reference(Observation|DiagnosticReport).  One of the use-cases for Reference.identifier is the situation where no FHIR representation exists (where the type is Reference (Any).","","","","","","","","",,,,,"",,,,"Reference.identifier",0,1,"","ele-1:All FHIR elements must have a @value or children {hasValue() or (children().count() > id.count())}
",".identifier"
"MessageHeader.focus.display","","","",0,0,"","","Y","string {[]} {[]}
","Text alternative for the resource","Plain text narrative that identifies the resource in addition to the resource reference.","This is generally not the same as the Resource.text of the referenced resource.  The purpose is to identify what's being referenced, not to fully describe it.","","","","","","","","",,,,,"",,,,"Reference.display",0,1,"","ele-1:All FHIR elements must have a @value or children {hasValue() or (children().count() > id.count())}
","N/A"
"MessageHeader.definition","","","",0,0,"","","Y","canonical {[]} {[CanonicalType[http://hl7.org/fhir/StructureDefinition/MessageDefinition]]}
","Link to the definition for this message","Permanent link to the MessageDefinition for this message.","","Allows sender to define the expected contents of the message.","","","","","","","",,,,,"",,,,"MessageHeader.definition",0,1,"","ele-1:All FHIR elements must have a @value or children {hasValue() or (children().count() > id.count())}
","Not directly supported."
